buy_threshold,sell_threshold,sl_atr_mult,tp_atr_mult,trades,win_rate,profit_factor,net_profit,final_balance
0.35,0.35,1.5,2.5,477,0.6540880503144654,2.3134335651766857,3935.679285714295,4935.6792857142955
0.35,0.3,1.5,2.5,497,0.6498993963782697,2.190901651089571,3906.1557142857196,4906.15571428572
0.35,0.35,1.2,2.0,499,0.6432865731462926,2.2511904421610534,3851.8748571428646,4851.874857142864
0.35,0.35,1.2,2.5,489,0.6380368098159509,2.2512058261444947,3846.5080714285814,4846.508071428581
0.35,0.35,1.5,2.0,487,0.6611909650924025,2.277187376307156,3842.0907142857204,4842.09071428572
0.4,0.35,1.5,2.0,464,0.6702586206896551,2.4154481583154848,3815.3460714285784,4815.346071428578
0.4,0.35,1.2,2.0,471,0.6539278131634819,2.3909717845768075,3797.5731428571507,4797.573142857151
0.35,0.3,1.5,2.0,503,0.658051689860835,2.1603624067936984,3794.3432142857173,4794.343214285717
0.4,0.3,1.5,2.0,482,0.6659751037344398,2.2778802646915772,3779.2085714285754,4779.208571428575
0.4,0.35,1.5,2.5,453,0.6622516556291391,2.4004034620330974,3765.7514285714396,4765.75142857144
0.4,0.3,1.5,2.5,473,0.6575052854122622,2.2577238174637966,3747.273571428578,4747.273571428578
0.35,0.3,1.2,2.0,515,0.6388349514563106,2.112590598474667,3722.6448571428627,4722.644857142863
0.35,0.3,1.2,2.5,508,0.6299212598425197,2.096513607558287,3713.8386428571503,4713.83864285715
0.4,0.3,1.2,2.0,490,0.6469387755102041,2.2208744679498524,3670.8831428571502,4670.88314285715
0.35,0.4,1.2,2.0,456,0.625,2.23917129837543,3657.2197142857117,4657.219714285711
0.35,0.4,1.5,2.5,439,0.6332574031890661,2.242780635827149,3626.4742857142896,4626.47428571429
0.4,0.35,1.2,2.5,462,0.645021645021645,2.2992993904053822,3609.704285714296,4609.704285714296
0.4,0.35,1.0,2.0,482,0.6348547717842323,2.2276552096822466,3607.2692857142983,4607.269285714298
0.35,0.4,1.2,2.5,451,0.6186252771618626,2.2042769474326187,3587.0187142857185,4587.0187142857185
0.35,0.4,1.5,2.0,446,0.6390134529147982,2.22530936205472,3584.4539285714272,4584.453928571427
0.4,0.4,1.2,2.0,428,0.6355140186915887,2.3692558174250116,3574.7208571428573,4574.720857142857
0.35,0.3,1.5,1.5,510,0.6627450980392157,2.118737361094541,3567.28785714285,4567.28785714285
0.4,0.35,1.0,2.5,476,0.6260504201680672,2.1774875745156606,3555.8467857142996,4555.8467857143
0.4,0.4,1.5,2.0,422,0.6492890995260664,2.3568422340641297,3540.5121428571438,4540.512142857144
0.35,0.35,1.5,1.5,496,0.6673387096774194,2.1878600427340107,3511.901428571428,4511.9014285714275
0.35,0.35,1.0,2.5,504,0.6091269841269841,2.0067207243918705,3501.0482142857245,4501.0482142857245
0.4,0.3,1.2,2.5,482,0.6369294605809128,2.1372125319672,3499.8817142857224,4499.881714285722
0.4,0.4,1.5,2.5,413,0.6440677966101694,2.3476312886343913,3488.4764285714355,4488.4764285714355
0.35,0.35,1.2,1.5,511,0.6516634050880626,2.147757866631291,3480.4524285714274,4480.452428571427
0.35,0.3,1.2,1.5,524,0.6450381679389313,2.0603633454900643,3466.2965714285674,4466.296571428567
0.45,0.35,1.2,2.5,406,0.6551724137931034,2.4347870255247215,3460.310714285728,4460.310714285728
0.35,0.35,1.0,2.0,513,0.6159844054580896,2.0043459060660114,3456.9500000000085,4456.950000000008
0.45,0.35,1.5,2.5,401,0.6683291770573566,2.4212729806250244,3454.076071428586,4454.076071428586
0.45,0.3,1.5,2.5,421,0.66270783847981,2.27557517628425,3450.8782142857244,4450.878214285724
0.45,0.35,1.0,2.5,417,0.6354916067146283,2.311158427932203,3440.462857142874,4440.462857142874
0.4,0.3,1.5,1.5,489,0.6707566462167689,2.179801875858067,3432.169642857144,4432.169642857144
0.4,0.3,1.0,2.0,506,0.6205533596837944,2.0439549690176797,3415.1264285714415,4415.1264285714415
0.4,0.35,1.5,1.5,469,0.67590618336887,2.2875675869675027,3408.173928571436,4408.173928571436
0.4,0.4,1.0,2.0,435,0.6206896551724138,2.234959915715582,3407.704285714295,4407.704285714295
0.4,0.3,1.0,2.5,501,0.6107784431137725,2.0069572370093502,3395.333214285727,4395.333214285727
0.45,0.35,1.2,2.0,418,0.6578947368421053,2.3547309722510272,3391.9525714285846,4391.952571428585
0.45,0.35,1.5,2.0,412,0.6747572815533981,2.3788102455362172,3391.50535714287,4391.50535714287
0.4,0.4,1.2,2.5,422,0.6279620853080569,2.272729800505948,3383.894357142862,4383.894357142863
0.4,0.35,1.2,1.5,478,0.6610878661087866,2.261218226920612,3377.255214285721,4377.255214285721
0.45,0.3,1.5,2.0,430,0.6697674418604651,2.245457316711076,3370.647857142867,4370.647857142867
0.45,0.3,1.2,2.5,426,0.6455399061032864,2.2485005779786933,3365.7681428571536,4365.768142857154
0.4,0.35,0.8,2.0,497,0.5975855130784709,2.1093967083517313,3362.8654285714338,4362.865428571434
0.5,0.35,1.5,2.5,363,0.6721763085399449,2.5490757790759613,3355.6782142857337,4355.678214285734
0.35,0.35,0.8,2.0,530,0.5811320754716981,1.9752051096426686,3346.9351428571463,4346.935142857146
0.4,0.4,1.0,2.5,432,0.6134259259259259,2.1773652990384305,3343.867142857158,4343.867142857158
0.5,0.3,1.5,2.5,385,0.6649350649350649,2.355365260282688,3339.2903571428724,4339.290357142872
0.35,0.3,1.0,2.5,528,0.5946969696969697,1.870714683736952,3333.858928571437,4333.858928571437
0.4,0.3,1.2,1.5,498,0.6526104417670683,2.1241459320857436,3321.400928571433,4321.400928571433
0.5,0.35,1.2,2.5,367,0.659400544959128,2.5143411774907047,3313.3110000000174,4313.311000000018
0.45,0.3,1.0,2.5,442,0.6176470588235294,2.1129816060801843,3295.2292857143007,4295.2292857143
0.4,0.3,0.8,2.0,528,0.5814393939393939,1.9825166865377806,3294.8854285714337,4294.885428571433
0.45,0.3,1.2,2.0,437,0.6498855835240275,2.1864056881843874,3280.5425714285834,4280.542571428583
0.35,0.35,0.8,2.5,522,0.5689655172413793,1.93050174304687,3278.6702142857184,4278.670214285718
0.35,0.4,1.0,2.0,467,0.5995717344753747,2.0025525160718667,3274.582142857148,4274.582142857148
0.35,0.4,1.2,1.5,467,0.6316916488222698,2.1286574048545512,3263.239428571422,4263.239428571422
0.45,0.35,1.0,2.0,426,0.6384976525821596,2.2247293802976116,3256.93071428573,4256.930714285731
0.35,0.4,1.0,2.5,463,0.591792656587473,1.9755171352162606,3247.785714285726,4247.7857142857265
0.35,0.3,1.0,2.0,535,0.6018691588785047,1.8597455430294947,3245.5271428571514,4245.527142857151
0.4,0.35,0.8,2.5,490,0.5857142857142857,2.036664427890964,3242.670928571434,4242.670928571434
0.4,0.35,1.0,1.5,490,0.6448979591836734,2.113875037539231,3240.1089285714406,4240.108928571441
0.4,0.3,0.8,2.5,521,0.5700575815738963,1.9393119956524967,3239.6307142857195,4239.6307142857195
0.45,0.4,1.2,2.5,366,0.639344262295082,2.412242070887843,3234.5007857142937,4234.500785714294
0.35,0.4,1.5,1.5,454,0.6431718061674009,2.1306742758915997,3233.3742857142806,4233.374285714281
0.45,0.4,1.0,2.5,373,0.6246648793565683,2.3219109212420896,3228.483214285732,4228.483214285732
0.5,0.3,1.2,2.5,388,0.6494845360824743,2.305786695711821,3228.008428571444,4228.008428571444
0.35,0.3,0.8,2.5,552,0.5543478260869565,1.83117924959902,3226.119428571432,4226.119428571432
0.5,0.35,1.0,2.5,375,0.6426666666666667,2.3320148277996866,3222.925000000018,4222.9250000000175
0.35,0.3,0.8,2.0,559,0.5652951699463328,1.84810941223835,3215.8731428571455,4215.8731428571455
0.4,0.35,1.5,1.0,493,0.6957403651115619,2.18355163976131,3187.6896428571426,4187.689642857143
0.45,0.4,1.5,2.5,361,0.6509695290858726,2.3646929931216474,3176.801071428581,4176.801071428581
0.5,0.35,1.5,2.0,369,0.6747967479674797,2.4444688065327576,3171.6335714285906,4171.633571428591
0.45,0.4,1.2,2.0,375,0.64,2.3299344203234873,3168.3802857142905,4168.380285714291
0.4,0.35,1.2,1.0,504,0.6785714285714286,2.151182972219325,3167.6,4167.6
0.4,0.4,0.8,2.0,448,0.5825892857142857,2.107629904832407,3165.136,4165.136
0.4,0.3,1.0,1.5,515,0.6310679611650486,1.9804735404722404,3163.1582142857264,4163.158214285726
0.45,0.3,1.5,1.5,436,0.676605504587156,2.195505231498859,3160.35821428572,4160.358214285719
0.35,0.4,0.8,2.0,483,0.5631469979296067,1.9613050880337768,3147.3625714285704,4147.36257142857
0.45,0.35,1.2,1.5,423,0.6690307328605201,2.309013032689679,3145.9188571428685,4145.918857142869
0.5,0.3,1.5,2.0,389,0.6683804627249358,2.2729785155811433,3137.5860714285873,4137.586071428587
0.4,0.4,1.2,1.5,433,0.6374133949191686,2.2214045764775134,3126.9757857142863,4126.975785714287
0.35,0.3,1.0,1.5,546,0.6135531135531136,1.8462997889334045,3121.500000000005,4121.5000000000055
0.45,0.4,1.5,2.0,370,0.654054054054054,2.3138406584966997,3115.951428571435,4115.951428571435
0.45,0.3,1.2,1.5,443,0.6591422121896162,2.1685434645394284,3113.9610000000084,4113.961000000008
0.45,0.35,1.5,1.5,416,0.6826923076923077,2.2986501788699707,3112.4660714285837,4112.466071428584
0.4,0.4,1.5,1.5,425,0.6494117647058824,2.2126248810366445,3107.5803571428587,4107.580357142859
0.35,0.35,1.0,1.5,527,0.6242884250474383,1.8995718792901604,3104.9892857142904,4104.98928571429
0.5,0.35,1.2,2.0,375,0.656,2.3477450322111806,3102.0265714285906,4102.026571428591
0.45,0.35,0.8,2.5,430,0.5953488372093023,2.1228539932475443,3101.891214285724,4101.891214285724
0.5,0.4,1.2,2.5,329,0.6413373860182371,2.492469985607464,3087.221071428584,4087.221071428584
0.45,0.3,1.0,2.0,450,0.6222222222222222,2.034614184027231,3080.0678571428734,4080.0678571428734
0.5,0.4,1.5,2.5,325,0.6523076923076923,2.490041889758889,3078.1232142857293,4078.1232142857293
0.4,0.4,1.0,1.5,441,0.6281179138321995,2.1397045604799065,3074.7185714285815,4074.7185714285815
0.45,0.3,0.8,2.5,461,0.5748373101952278,1.9937910723852077,3065.6444285714374,4065.6444285714374
0.35,0.35,1.5,1.0,520,0.676923076923077,1.9979052354102285,3062.4467857142877,4062.4467857142877
0.45,0.4,1.0,2.0,379,0.6253298153034301,2.233334025034996,3056.6457142857266,4056.6457142857266
0.4,0.3,1.5,1.0,510,0.6882352941176471,2.024818554053004,3052.779285714286,4052.779285714286
0.5,0.3,1.0,2.5,401,0.6209476309226932,2.0966280649666884,3051.4435714285873,4051.4435714285873
0.4,0.3,1.2,1.0,522,0.6724137931034483,2.0093824961596973,3048.935000000001,4048.935000000001
0.35,0.35,1.2,1.0,538,0.6579925650557621,1.9552601107372882,3045.3528571428574,4045.3528571428574
0.35,0.4,0.8,2.5,480,0.5520833333333334,1.8946961709488688,3037.6670714285774,4037.6670714285774
0.5,0.4,1.0,2.5,334,0.6317365269461078,2.352318039821482,3028.9953571428764,4028.9953571428764
0.4,0.4,0.8,2.5,444,0.5720720720720721,2.0154906003593167,3022.2340714285774,4022.2340714285774
0.35,0.45,1.5,2.5,391,0.629156010230179,2.10968077224855,3006.8746428571503,4006.8746428571503
0.4,0.35,1.0,1.0,513,0.6588693957115009,2.027033122384705,3005.5742857142864,4005.5742857142864
0.45,0.35,0.8,2.0,440,0.6022727272727273,2.087198767995767,3004.6117142857247,4004.6117142857247
0.5,0.3,1.2,2.0,395,0.6481012658227848,2.170461446946811,2999.85657142859,3999.85657142859
0.5,0.35,0.8,2.5,387,0.6072351421188631,2.1988168945337296,2980.9534285714444,3980.9534285714444
0.35,0.4,1.0,1.5,480,0.6083333333333333,1.9244476477950796,2973.3696428571466,3973.3696428571466
0.35,0.3,1.2,1.0,553,0.6564195298372514,1.8683432992993372,2966.8891428571424,3966.8891428571424
0.35,0.45,1.5,2.0,398,0.6331658291457286,2.093690048925879,2962.865714285718,3962.865714285718
0.4,0.4,1.2,1.0,458,0.6615720524017468,2.13729169589164,2960.324142857136,3960.324142857136
0.35,0.3,1.5,1.0,536,0.6735074626865671,1.8899738732854343,2958.6800000000003,3958.6800000000003
0.5,0.35,1.0,2.0,380,0.6421052631578947,2.205323942251381,2957.1314285714484,3957.1314285714484
0.45,0.35,1.0,1.5,432,0.6481481481481481,2.120014803913278,2948.4485714285856,3948.4485714285856
0.4,0.4,1.5,1.0,447,0.6778523489932886,2.145772750714868,2937.357857142851,3937.357857142851
0.35,0.45,1.2,2.0,407,0.6167076167076168,2.0793638672187695,2931.844000000004,3931.844000000004
0.5,0.3,0.8,2.5,419,0.5823389021479713,2.03314014946531,2923.680357142872,3923.680357142872
0.45,0.35,1.5,1.0,431,0.7053364269141531,2.2314454101391976,2920.7950000000055,3920.7950000000055
0.45,0.3,0.8,2.0,471,0.5817409766454352,1.9404648578352728,2903.4251428571533,3903.4251428571533
0.4,0.45,1.5,2.0,372,0.6451612903225806,2.2185615630486937,2902.7167857142904,3902.7167857142904
0.45,0.4,1.2,1.5,378,0.6455026455026455,2.2692489079658635,2898.5590714285763,3898.5590714285763
0.5,0.4,1.5,2.0,329,0.6504559270516718,2.3726889672953213,2895.799642857156,3895.799642857156
0.45,0.3,1.0,1.5,457,0.6323851203501094,1.986667082083035,2895.3942857143,3895.3942857143
0.35,0.4,1.2,1.0,493,0.6450304259634888,1.9651994384948854,2890.586999999994,3890.586999999994
0.45,0.4,0.8,2.5,384,0.5833333333333334,2.1045628002130496,2881.4543571428676,3881.4543571428676
0.4,0.35,0.8,1.5,509,0.6031434184675835,1.9272179352057845,2879.0641428571503,3879.0641428571503
0.5,0.4,1.2,2.0,334,0.6347305389221557,2.318940172081622,2878.1742857142963,3878.1742857142963
0.4,0.3,0.8,1.5,539,0.5862708719851577,1.8414754376278928,2873.2005714285797,3873.2005714285797
0.45,0.35,1.2,1.0,441,0.6870748299319728,2.1618001971927634,2871.4452857142896,3871.4452857142896
0.4,0.4,1.0,1.0,465,0.6473118279569893,2.057921603583416,2869.60857142857,3869.60857142857
0.4,0.45,1.5,2.5,365,0.6410958904109589,2.205288149041307,2868.8767857142957,3868.8767857142957
0.4,0.3,1.0,1.0,537,0.6443202979515829,1.8770237282500555,2856.4907142857146,3856.4907142857146
0.35,0.4,1.5,1.0,476,0.6617647058823529,1.982089192673922,2853.6249999999964,3853.6249999999964
0.35,0.45,1.2,2.5,402,0.6094527363184079,2.0142940227079733,2844.7182857142943,3844.7182857142943
0.4,0.45,1.2,2.0,377,0.6286472148541115,2.199107842677431,2834.1880000000046,3834.1880000000046
0.5,0.3,1.5,1.5,395,0.6708860759493671,2.136914881998182,2832.9182142857244,3832.9182142857244
0.5,0.35,1.2,1.5,380,0.6657894736842105,2.255262744838304,2826.4629285714423,3826.4629285714423
0.35,0.3,0.8,1.5,573,0.568935427574171,1.7317283491381428,2819.714357142863,3819.714357142863
0.35,0.35,0.8,1.5,549,0.5828779599271403,1.7877191029030173,2816.686357142861,3816.686357142861
0.45,0.3,1.5,1.0,450,0.6977777777777778,2.0656715925632914,2815.596071428576,3815.596071428576
0.45,0.4,1.5,1.5,372,0.6559139784946236,2.2183002143080643,2814.792142857149,3814.792142857149
0.45,0.4,0.8,2.0,391,0.5882352941176471,2.0843075731429215,2806.162285714291,3806.162285714291
0.5,0.3,1.2,1.5,401,0.655860349127182,2.115591006068333,2803.745071428582,3803.745071428582
0.5,0.35,1.5,1.5,373,0.67828418230563,2.25904612412501,2798.216071428587,3798.216071428587
0.45,0.4,1.0,1.5,383,0.6318537859007833,2.151469785929551,2785.97785714287,3785.97785714287
0.45,0.3,1.2,1.0,461,0.6811279826464208,2.0210011024905237,2782.491714285719,3782.491714285719
0.5,0.4,0.8,2.5,344,0.5959302325581395,2.1900470471805207,2782.2065714285873,3782.2065714285873
0.5,0.4,1.0,2.0,336,0.6279761904761905,2.220048420614293,2774.896428571445,3774.896428571445
0.5,0.35,0.8,2.0,392,0.6096938775510204,2.1133686308064363,2769.7271428571603,3769.7271428571603
0.4,0.45,1.0,2.0,386,0.6113989637305699,2.121066605556414,2767.471428571442,3767.471428571442
0.45,0.35,1.0,1.0,448,0.6651785714285714,2.0562733578109103,2759.717857142863,3759.717857142863
0.5,0.3,1.0,2.0,405,0.6222222222222222,1.9845093385457524,2754.0207142857334,3754.0207142857334
0.35,0.35,1.0,1.0,553,0.6311030741410488,1.781859170574338,2739.1157142857155,3739.1157142857155
0.4,0.4,0.8,1.5,457,0.5886214442013129,1.9510552539095678,2733.1012857142914,3733.1012857142914
0.45,0.4,1.5,1.0,387,0.689922480620155,2.2153042456278125,2722.5189285714278,3722.5189285714278
0.4,0.45,0.8,2.0,396,0.5757575757575758,2.069894323697988,2717.524857142858,3717.524857142858
0.45,0.4,1.2,1.0,397,0.672544080604534,2.1703158347497356,2716.22514285714,3716.22514285714
0.35,0.4,0.8,1.5,501,0.5688622754491018,1.8066353232565737,2692.683071428575,3692.683071428575
0.35,0.3,1.0,1.0,575,0.6226086956521739,1.7145532276066682,2681.9964285714277,3681.9964285714277
0.4,0.45,1.0,2.5,382,0.6047120418848168,2.046182528086997,2677.5285714285883,3677.5285714285883
0.45,0.4,1.0,1.0,402,0.6567164179104478,2.116428780682466,2675.8078571428596,3675.8078571428596
0.35,0.45,0.8,2.0,435,0.5563218390804597,1.8944243085587058,2673.4848571428574,3673.4848571428574
0.35,0.45,1.0,2.0,421,0.5890736342042755,1.899489681381112,2670.2192857142954,3670.2192857142954
0.4,0.35,0.8,1.0,535,0.6205607476635514,1.8297194741050808,2663.0797142857164,3663.0797142857164
0.35,0.4,1.0,1.0,506,0.6205533596837944,1.8184350223149905,2655.1142857142836,3655.1142857142836
0.35,0.45,1.5,1.5,405,0.6345679012345679,1.996859352036716,2648.7499999999995,3648.7499999999995
0.5,0.3,0.8,2.0,424,0.5849056603773585,1.9347501747682203,2647.5142857143037,3647.5142857143037
0.4,0.45,1.2,2.5,373,0.6193029490616622,2.0639599355130778,2642.6439285714378,3642.6439285714378
0.45,0.3,1.0,1.0,474,0.6497890295358649,1.9023687483975433,2642.115714285719,3642.115714285719
0.4,0.45,1.0,1.5,394,0.6192893401015228,2.079122183027168,2640.6775000000134,3640.6775000000134
0.45,0.35,0.8,1.5,449,0.6080178173719376,1.9415534471211837,2636.6627857142967,3636.6627857142967
0.45,0.3,0.8,1.5,480,0.5875,1.8419073477369767,2619.251214285726,3619.251214285726
0.45,0.45,1.5,2.5,312,0.6506410256410257,2.2649183933803045,2618.1764285714416,3618.1764285714416
0.4,0.3,0.8,1.0,564,0.6063829787234043,1.7466275512721614,2606.886999999999,3606.886999999999
0.5,0.4,0.8,2.0,346,0.5953757225433526,2.1190141307887473,2592.9677142857267,3592.9677142857267
0.45,0.45,1.0,2.5,321,0.616822429906542,2.2153813032021064,2586.7446428571607,3586.7446428571607
0.35,0.45,1.0,2.5,415,0.5807228915662651,1.8457319731511275,2581.446428571443,3581.446428571443
0.35,0.45,1.2,1.5,418,0.6196172248803827,1.9367117553567115,2581.248142857142,3581.248142857142
0.4,0.45,1.2,1.0,403,0.6600496277915633,2.0899034556011307,2574.085714285713,3574.085714285713
0.5,0.4,1.2,1.5,337,0.6409495548961425,2.206666118226694,2573.161714285722,3573.161714285722
0.35,0.35,0.8,1.0,573,0.6003490401396161,1.707990280404396,2568.267714285716,3568.267714285716
0.4,0.45,1.5,1.5,374,0.6443850267379679,2.0948166968236688,2556.831785714292,3556.831785714292
0.4,0.45,0.8,2.5,393,0.5648854961832062,1.9632240953830442,2554.6970714285762,3554.6970714285762
0.35,0.45,1.0,1.5,435,0.5977011494252874,1.8577632471555086,2537.882500000008,3537.882500000008
0.35,0.45,0.8,2.5,432,0.5439814814814815,1.8162521066780606,2537.3052142857196,3537.3052142857196
0.45,0.45,1.5,2.0,319,0.6520376175548589,2.2058646893356135,2531.3778571428675,3531.3778571428675
0.5,0.35,1.0,1.5,386,0.6476683937823834,2.016999105612378,2530.8371428571563,3530.8371428571563
0.45,0.45,1.2,2.5,315,0.6317460317460317,2.2162572158454634,2524.4523571428685,3524.4523571428685
0.4,0.45,1.0,1.0,411,0.6447688564476886,2.0463009487646997,2524.080714285721,3524.080714285721
0.5,0.35,1.5,1.0,386,0.6968911917098446,2.120436065885949,2521.701428571442,3521.701428571442
0.5,0.45,1.5,2.5,275,0.6509090909090909,2.389905085072586,2512.648571428589,3512.648571428589
0.4,0.45,1.5,1.0,394,0.6751269035532995,2.0555074298460685,2512.640714285713,3512.640714285713
0.35,0.45,1.2,1.0,438,0.6438356164383562,1.910411024627891,2512.349714285715,3512.349714285715
0.35,0.3,0.8,1.0,600,0.5883333333333334,1.638355646403749,2494.695142857142,3494.695142857142
0.5,0.4,1.5,1.5,331,0.649546827794562,2.1675664128343968,2494.600714285725,3494.600714285725
0.45,0.4,0.8,1.5,397,0.5944584382871536,1.9713902571688695,2493.6195714285805,3493.6195714285805
0.35,0.45,1.5,1.0,423,0.6619385342789598,1.923193129095779,2489.6253571428574,3489.6253571428574
0.4,0.4,0.8,1.0,480,0.6104166666666667,1.8384409671633186,2469.922999999998,3469.922999999998
0.4,0.45,1.2,1.5,383,0.6266318537859008,2.0226552126151227,2467.143428571433,3467.143428571433
0.45,0.45,1.2,2.0,322,0.6335403726708074,2.1682107450980976,2452.202857142866,3452.202857142866
0.5,0.3,1.0,1.5,412,0.6286407766990292,1.87032824303014,2451.535000000014,3451.535000000014
0.5,0.35,1.2,1.0,395,0.6784810126582278,2.03661952443486,2450.7267142857254,3450.7267142857254
0.45,0.45,1.0,2.0,328,0.6158536585365854,2.1285286394834295,2434.77071428573,3434.77071428573
0.45,0.35,0.8,1.0,468,0.6260683760683761,1.835002925163998,2415.765571428578,3415.765571428578
0.5,0.3,1.5,1.0,407,0.687960687960688,1.950720180996987,2410.8325000000127,3410.8325000000127
0.45,0.45,0.8,2.5,332,0.5753012048192772,2.055628211318228,2406.884500000008,3406.884500000008
0.35,0.4,0.8,1.0,523,0.5889101338432122,1.7082769854447422,2384.804428571427,3384.804428571427
0.5,0.45,1.0,2.5,281,0.6227758007117438,2.23705555780147,2382.456785714305,3382.456785714305
0.5,0.4,1.0,1.5,340,0.6323529411764706,2.0460797630809626,2380.7550000000133,3380.7550000000133
0.5,0.3,1.2,1.0,416,0.6730769230769231,1.9111957828414265,2378.5331428571544,3378.5331428571544
0.35,0.45,1.0,1.0,452,0.6194690265486725,1.8139727347517323,2371.035714285721,3371.035714285721
0.5,0.45,1.2,2.5,277,0.631768953068592,2.278634627216625,2370.322642857158,3370.322642857158
0.45,0.3,0.8,1.0,500,0.61,1.7449609071491512,2366.2891428571465,3366.2891428571465
0.4,0.45,0.8,1.5,405,0.5802469135802469,1.911143156538552,2354.3762142857217,3354.3762142857217
0.5,0.45,0.8,2.5,288,0.59375,2.200786270490767,2352.530714285728,3352.530714285728
0.45,0.45,0.8,2.0,338,0.5798816568047337,2.037896663484999,2351.5182857142913,3351.5182857142913
0.45,0.45,1.0,1.5,334,0.6227544910179641,2.0990792414162462,2350.5010714285863,3350.5010714285863
0.5,0.35,1.0,1.0,400,0.6625,1.9476202195035852,2348.875714285725,3348.875714285725
0.45,0.45,1.5,1.5,320,0.653125,2.1370223505607933,2317.2653571428673,3317.2653571428673
0.45,0.45,1.2,1.0,340,0.6705882352941176,2.1214227949284297,2312.9838571428595,3312.9838571428595
0.5,0.4,1.5,1.0,343,0.6763848396501457,2.0902685316979213,2312.4217857142935,3312.4217857142935
0.45,0.45,1.0,1.0,346,0.653179190751445,2.1064859628823642,2307.3978571428665,3307.3978571428665
0.45,0.45,1.5,1.0,333,0.6876876876876877,2.1355162553319627,2306.28785714286,3306.28785714286
0.5,0.45,1.5,2.0,277,0.6462093862815884,2.2543086983053047,2304.376071428588,3304.376071428588
0.5,0.35,0.8,1.5,401,0.6109725685785536,1.890895057494265,2300.7532857142996,3300.7532857142996
0.5,0.4,1.2,1.0,352,0.6590909090909091,2.03114197493848,2284.503000000005,3284.503000000005
0.35,0.45,0.8,1.5,452,0.5597345132743363,1.74026398860473,2280.736428571434,3280.736428571434
0.45,0.4,0.8,1.0,415,0.619277108433735,1.8657507331556888,2274.6645714285737,3274.6645714285737
0.5,0.3,0.8,1.5,433,0.5866050808314087,1.776279682896176,2262.3154285714427,3262.3154285714427
0.5,0.4,1.0,1.0,355,0.6507042253521127,1.9952394484269973,2253.962142857151,3253.962142857151
0.45,0.45,1.2,1.5,326,0.6349693251533742,2.0682857039839444,2243.28857142858,3243.28857142858
0.5,0.3,1.0,1.0,427,0.6440281030444965,1.7877855666456481,2214.3785714285814,3214.3785714285814
0.5,0.45,0.8,2.0,289,0.5916955017301038,2.1226117038210917,2183.217714285727,3183.217714285727
0.5,0.4,0.8,1.5,351,0.5982905982905983,1.9296246356249471,2178.5240714285824,3178.5240714285824
0.5,0.45,1.2,2.0,280,0.625,2.1349216690344157,2155.1468571428713,3155.1468571428713
0.5,0.45,1.0,2.0,284,0.6161971830985915,2.099662149809517,2148.2214285714476,3148.2214285714476
0.5,0.35,0.8,1.0,418,0.6244019138755981,1.7781012972086578,2102.56642857144,3102.56642857144
0.45,0.45,0.8,1.5,344,0.5843023255813954,1.918821850550983,2088.068071428582,3088.068071428582
0.4,0.45,0.8,1.0,424,0.5990566037735849,1.76485262745255,2063.1661428571424,3063.1661428571424
0.5,0.3,0.8,1.0,451,0.6053215077605322,1.6761054173407373,2032.439142857151,3032.4391428571507
0.5,0.45,1.5,1.5,278,0.6438848920863309,2.053097801202003,1963.151071428586,2963.151071428586
0.35,0.45,0.8,1.0,470,0.5787234042553191,1.6182897255078967,1942.6922857142836,2942.6922857142836
0.5,0.4,0.8,1.0,366,0.6147540983606558,1.7937845643407944,1935.5747142857217,2935.5747142857217
0.5,0.45,1.0,1.5,290,0.6206896551724138,1.9591028334120544,1913.4053571428726,2913.4053571428726
0.5,0.45,1.5,1.0,288,0.6736111111111112,1.9924037548077174,1888.5521428571537,2888.5521428571537
0.5,0.45,1.2,1.5,284,0.6267605633802817,1.9667967406937,1883.9683571428682,2883.968357142868
0.5,0.45,1.0,1.0,298,0.6476510067114094,1.9656995021162207,1877.817857142871,2877.8178571428707
0.5,0.45,1.2,1.0,294,0.6564625850340136,1.9616666708216826,1873.6231428571518,2873.623142857152
0.45,0.45,0.8,1.0,357,0.6050420168067226,1.779178765109379,1844.9991428571461,2844.999142857146
0.5,0.45,0.8,1.5,294,0.5918367346938775,1.8959219954210382,1790.7937142857263,2790.7937142857263
0.5,0.45,0.8,1.0,304,0.6052631578947368,1.7379673606612065,1557.5922857142928,2557.5922857142928
